,Player,Team,ID,Link
0,Precious Achiuwa,TOR,/players/a/achiupr01,https://www.basketball-reference.com/players/a/achiupr01/gamelog/2023
1,Steven Adams,MEM,/players/a/adamsst01,https://www.basketball-reference.com/players/a/adamsst01/gamelog/2023
2,Bam Adebayo,MIA,/players/a/adebaba01,https://www.basketball-reference.com/players/a/adebaba01/gamelog/2023
3,Ochai Agbaji,UTA,/players/a/agbajoc01,https://www.basketball-reference.com/players/a/agbajoc01/gamelog/2023
4,Santi Aldama,MEM,/players/a/aldamsa01,https://www.basketball-reference.com/players/a/aldamsa01/gamelog/2023
5,Nickeil Alexander-Walker,TOT,/players/a/alexani01,https://www.basketball-reference.com/players/a/alexani01/gamelog/2023
8,Grayson Allen,MIL,/players/a/allengr01,https://www.basketball-reference.com/players/a/allengr01/gamelog/2023
9,Jarrett Allen,CLE,/players/a/allenja01,https://www.basketball-reference.com/players/a/allenja01/gamelog/2023
10,Jose Alvarado,NOP,/players/a/alvarjo01,https://www.basketball-reference.com/players/a/alvarjo01/gamelog/2023
11,Kyle Anderson,MIN,/players/a/anderky01,https://www.basketball-reference.com/players/a/anderky01/gamelog/2023
12,Giannis Antetokounmpo,MIL,/players/a/antetgi01,https://www.basketball-reference.com/players/a/antetgi01/gamelog/2023
13,Thanasis Antetokounmpo,MIL,/players/a/antetth01,https://www.basketball-reference.com/players/a/antetth01/gamelog/2023
14,Cole Anthony,ORL,/players/a/anthoco01,https://www.basketball-reference.com/players/a/anthoco01/gamelog/2023
15,OG Anunoby,TOR,/players/a/anunoog01,https://www.basketball-reference.com/players/a/anunoog01/gamelog/2023
16,Ryan Arcidiacono,TOT,/players/a/arcidry01,https://www.basketball-reference.com/players/a/arcidry01/gamelog/2023
19,Deni Avdija,WAS,/players/a/avdijde01,https://www.basketball-reference.com/players/a/avdijde01/gamelog/2023
20,Deandre Ayton,PHO,/players/a/aytonde01,https://www.basketball-reference.com/players/a/aytonde01/gamelog/2023
21,Udoka Azubuike,UTA,/players/a/azubuud01,https://www.basketball-reference.com/players/a/azubuud01/gamelog/2023
22,Marvin Bagley III,DET,/players/b/baglema01,https://www.basketball-reference.com/players/b/baglema01/gamelog/2023
23,Patrick Baldwin Jr.,GSW,/players/b/baldwpa01,https://www.basketball-reference.com/players/b/baldwpa01/gamelog/2023
24,LaMelo Ball,CHO,/players/b/ballla01,https://www.basketball-reference.com/players/b/ballla01/gamelog/2023
25,Mo Bamba,TOT,/players/b/bambamo01,https://www.basketball-reference.com/players/b/bambamo01/gamelog/2023
28,Paolo Banchero,ORL,/players/b/banchpa01,https://www.basketball-reference.com/players/b/banchpa01/gamelog/2023
29,Desmond Bane,MEM,/players/b/banede01,https://www.basketball-reference.com/players/b/banede01/gamelog/2023
30,Dalano Banton,TOR,/players/b/bantoda01,https://www.basketball-reference.com/players/b/bantoda01/gamelog/2023
31,Dominick Barlow,SAS,/players/b/barlodo01,https://www.basketball-reference.com/players/b/barlodo01/gamelog/2023
32,Harrison Barnes,SAC,/players/b/barneha02,https://www.basketball-reference.com/players/b/barneha02/gamelog/2023
33,Scottie Barnes,TOR,/players/b/barnesc01,https://www.basketball-reference.com/players/b/barnesc01/gamelog/2023
34,RJ Barrett,NYK,/players/b/barrerj01,https://www.basketball-reference.com/players/b/barrerj01/gamelog/2023
35,Will Barton,WAS,/players/b/bartowi01,https://www.basketball-reference.com/players/b/bartowi01/gamelog/2023
36,Charles Bassey,SAS,/players/b/bassech01,https://www.basketball-reference.com/players/b/bassech01/gamelog/2023
37,Keita Bates-Diop,SAS,/players/b/bateske01,https://www.basketball-reference.com/players/b/bateske01/gamelog/2023
38,Nicolas Batum,LAC,/players/b/batumni01,https://www.basketball-reference.com/players/b/batumni01/gamelog/2023
39,Darius Bazley,OKC,/players/b/bazleda01,https://www.basketball-reference.com/players/b/bazleda01/gamelog/2023
40,Bradley Beal,WAS,/players/b/bealbr01,https://www.basketball-reference.com/players/b/bealbr01/gamelog/2023
41,Malik Beasley,TOT,/players/b/beaslma01,https://www.basketball-reference.com/players/b/beaslma01/gamelog/2023
44,MarJon Beauchamp,MIL,/players/b/beaucma01,https://www.basketball-reference.com/players/b/beaucma01/gamelog/2023
45,Davis Bertans,DAL,/players/b/bertada01,https://www.basketball-reference.com/players/b/bertada01/gamelog/2023
46,Patrick Beverley,LAL,/players/b/beverpa01,https://www.basketball-reference.com/players/b/beverpa01/gamelog/2023
47,Saddiq Bey,TOT,/players/b/beysa01,https://www.basketball-reference.com/players/b/beysa01/gamelog/2023
50,Khem Birch,TOR,/players/b/birchkh01,https://www.basketball-reference.com/players/b/birchkh01/gamelog/2023
51,Goga Bitadze,IND,/players/b/bitadgo01,https://www.basketball-reference.com/players/b/bitadgo01/gamelog/2023
52,Bismack Biyombo,PHO,/players/b/biyombi01,https://www.basketball-reference.com/players/b/biyombi01/gamelog/2023
53,Buddy Boeheim,DET,/players/b/boehebu01,https://www.basketball-reference.com/players/b/boehebu01/gamelog/2023
54,Bogdan Bogdanovic,ATL,/players/b/bogdabo01,https://www.basketball-reference.com/players/b/bogdabo01/gamelog/2023
55,Bojan Bogdanovic,DET,/players/b/bogdabo02,https://www.basketball-reference.com/players/b/bogdabo02/gamelog/2023
56,Bol Bol,ORL,/players/b/bolbo01,https://www.basketball-reference.com/players/b/bolbo01/gamelog/2023
57,Leandro Bolmaro,UTA,/players/b/bolmale01,https://www.basketball-reference.com/players/b/bolmale01/gamelog/2023
58,Devin Booker,PHO,/players/b/bookede01,https://www.basketball-reference.com/players/b/bookede01/gamelog/2023
59,Brandon Boston Jr.,LAC,/players/b/bostobr01,https://www.basketball-reference.com/players/b/bostobr01/gamelog/2023
60,Chris Boucher,TOR,/players/b/bouchch01,https://www.basketball-reference.com/players/b/bouchch01/gamelog/2023
61,James Bouknight,CHO,/players/b/bouknja01,https://www.basketball-reference.com/players/b/bouknja01/gamelog/2023
62,Jamaree Bouyea,MIA,/players/b/bouyeja01,https://www.basketball-reference.com/players/b/bouyeja01/gamelog/2023
63,Tony Bradley,CHI,/players/b/bradlto01,https://www.basketball-reference.com/players/b/bradlto01/gamelog/2023
64,Malaki Branham,SAS,/players/b/branhma01,https://www.basketball-reference.com/players/b/branhma01/gamelog/2023
65,Christian Braun,DEN,/players/b/braunch01,https://www.basketball-reference.com/players/b/braunch01/gamelog/2023
66,Mikal Bridges,TOT,/players/b/bridgmi01,https://www.basketball-reference.com/players/b/bridgmi01/gamelog/2023
69,Oshae Brissett,IND,/players/b/brissos01,https://www.basketball-reference.com/players/b/brissos01/gamelog/2023
70,Malcolm Brogdon,BOS,/players/b/brogdma01,https://www.basketball-reference.com/players/b/brogdma01/gamelog/2023
71,Dillon Brooks,MEM,/players/b/brookdi01,https://www.basketball-reference.com/players/b/brookdi01/gamelog/2023
72,Bruce Brown,DEN,/players/b/brownbr01,https://www.basketball-reference.com/players/b/brownbr01/gamelog/2023
73,Greg Brown III,POR,/players/b/browngr01,https://www.basketball-reference.com/players/b/browngr01/gamelog/2023
74,Jaylen Brown,BOS,/players/b/brownja02,https://www.basketball-reference.com/players/b/brownja02/gamelog/2023
75,Kendall Brown,IND,/players/b/brownke03,https://www.basketball-reference.com/players/b/brownke03/gamelog/2023
76,Moses Brown,LAC,/players/b/brownmo01,https://www.basketball-reference.com/players/b/brownmo01/gamelog/2023
77,Sterling Brown,LAL,/players/b/brownst02,https://www.basketball-reference.com/players/b/brownst02/gamelog/2023
78,Troy Brown Jr.,LAL,/players/b/browntr01,https://www.basketball-reference.com/players/b/browntr01/gamelog/2023
79,Jalen Brunson,NYK,/players/b/brunsja01,https://www.basketball-reference.com/players/b/brunsja01/gamelog/2023
80,Thomas Bryant,TOT,/players/b/bryanth01,https://www.basketball-reference.com/players/b/bryanth01/gamelog/2023
83,Reggie Bullock,DAL,/players/b/bullore01,https://www.basketball-reference.com/players/b/bullore01/gamelog/2023
84,Alec Burks,DET,/players/b/burksal01,https://www.basketball-reference.com/players/b/burksal01/gamelog/2023
85,Deonte Burton,SAC,/players/b/burtode02,https://www.basketball-reference.com/players/b/burtode02/gamelog/2023
86,Jimmy Butler,MIA,/players/b/butleji01,https://www.basketball-reference.com/players/b/butleji01/gamelog/2023
87,John Butler,POR,/players/b/butlejo01,https://www.basketball-reference.com/players/b/butlejo01/gamelog/2023
88,Jamal Cain,MIA,/players/c/cainja01,https://www.basketball-reference.com/players/c/cainja01/gamelog/2023
89,Kentavious Caldwell-Pope,DEN,/players/c/caldwke01,https://www.basketball-reference.com/players/c/caldwke01/gamelog/2023
90,Facundo Campazzo,DAL,/players/c/campafa01,https://www.basketball-reference.com/players/c/campafa01/gamelog/2023
91,Vlatko Cancar,DEN,/players/c/cancavl01,https://www.basketball-reference.com/players/c/cancavl01/gamelog/2023
92,Clint Capela,ATL,/players/c/capelca01,https://www.basketball-reference.com/players/c/capelca01/gamelog/2023
93,Vernon Carey Jr.,WAS,/players/c/careyve01,https://www.basketball-reference.com/players/c/careyve01/gamelog/2023
94,Jevon Carter,MIL,/players/c/carteje01,https://www.basketball-reference.com/players/c/carteje01/gamelog/2023
95,Wendell Carter Jr.,ORL,/players/c/cartewe01,https://www.basketball-reference.com/players/c/cartewe01/gamelog/2023
96,Alex Caruso,CHI,/players/c/carusal01,https://www.basketball-reference.com/players/c/carusal01/gamelog/2023
97,Julian Champagnie,PHI,/players/c/champju02,https://www.basketball-reference.com/players/c/champju02/gamelog/2023
98,Justin Champagnie,TOR,/players/c/champju01,https://www.basketball-reference.com/players/c/champju01/gamelog/2023
99,Kennedy Chandler,MEM,/players/c/chandke01,https://www.basketball-reference.com/players/c/chandke01/gamelog/2023
100,Max Christie,LAL,/players/c/chrisma02,https://www.basketball-reference.com/players/c/chrisma02/gamelog/2023
101,Josh Christopher,HOU,/players/c/chrisjo01,https://www.basketball-reference.com/players/c/chrisjo01/gamelog/2023
102,Brandon Clarke,MEM,/players/c/clarkbr01,https://www.basketball-reference.com/players/c/clarkbr01/gamelog/2023
103,Jordan Clarkson,UTA,/players/c/clarkjo01,https://www.basketball-reference.com/players/c/clarkjo01/gamelog/2023
104,Nic Claxton,BRK,/players/c/claxtni01,https://www.basketball-reference.com/players/c/claxtni01/gamelog/2023
105,Amir Coffey,LAC,/players/c/coffeam01,https://www.basketball-reference.com/players/c/coffeam01/gamelog/2023
106,John Collins,ATL,/players/c/collijo01,https://www.basketball-reference.com/players/c/collijo01/gamelog/2023
107,Zach Collins,SAS,/players/c/colliza01,https://www.basketball-reference.com/players/c/colliza01/gamelog/2023
108,Mike Conley,TOT,/players/c/conlemi01,https://www.basketball-reference.com/players/c/conlemi01/gamelog/2023
111,Pat Connaughton,MIL,/players/c/connapa01,https://www.basketball-reference.com/players/c/connapa01/gamelog/2023
112,Robert Covington,LAC,/players/c/covinro01,https://www.basketball-reference.com/players/c/covinro01/gamelog/2023
113,Torrey Craig,PHO,/players/c/craigto01,https://www.basketball-reference.com/players/c/craigto01/gamelog/2023
114,Jarrett Culver,ATL,/players/c/culveja01,https://www.basketball-reference.com/players/c/culveja01/gamelog/2023
115,Cade Cunningham,DET,/players/c/cunnica01,https://www.basketball-reference.com/players/c/cunnica01/gamelog/2023
116,Seth Curry,BRK,/players/c/curryse01,https://www.basketball-reference.com/players/c/curryse01/gamelog/2023
117,Stephen Curry,GSW,/players/c/curryst01,https://www.basketball-reference.com/players/c/curryst01/gamelog/2023
118,Dyson Daniels,NOP,/players/d/daniedy01,https://www.basketball-reference.com/players/d/daniedy01/gamelog/2023
119,Anthony Davis,LAL,/players/d/davisan02,https://www.basketball-reference.com/players/d/davisan02/gamelog/2023
120,Johnny Davis,WAS,/players/d/davisjo06,https://www.basketball-reference.com/players/d/davisjo06/gamelog/2023
121,Terence Davis,SAC,/players/d/daviste02,https://www.basketball-reference.com/players/d/daviste02/gamelog/2023
122,JD Davison,BOS,/players/d/davisjd01,https://www.basketball-reference.com/players/d/davisjd01/gamelog/2023
123,Darius Days,HOU,/players/d/daysda01,https://www.basketball-reference.com/players/d/daysda01/gamelog/2023
124,Dewayne Dedmon,MIA,/players/d/dedmode01,https://www.basketball-reference.com/players/d/dedmode01/gamelog/2023
125,Matthew Dellavedova,SAC,/players/d/dellama01,https://www.basketball-reference.com/players/d/dellama01/gamelog/2023
126,DeMar DeRozan,CHI,/players/d/derozde01,https://www.basketball-reference.com/players/d/derozde01/gamelog/2023
127,Moussa Diabate,LAC,/players/d/diabamo01,https://www.basketball-reference.com/players/d/diabamo01/gamelog/2023
128,Mamadi Diakite,CLE,/players/d/diakima01,https://www.basketball-reference.com/players/d/diakima01/gamelog/2023
129,Hamidou Diallo,DET,/players/d/diallha01,https://www.basketball-reference.com/players/d/diallha01/gamelog/2023
130,Gorgui Dieng,SAS,/players/d/dienggo01,https://www.basketball-reference.com/players/d/dienggo01/gamelog/2023
131,Ousmane Dieng,OKC,/players/d/diengou01,https://www.basketball-reference.com/players/d/diengou01/gamelog/2023
132,Spencer Dinwiddie,TOT,/players/d/dinwisp01,https://www.basketball-reference.com/players/d/dinwisp01/gamelog/2023
135,Donte DiVincenzo,GSW,/players/d/divindo01,https://www.basketball-reference.com/players/d/divindo01/gamelog/2023
136,Luka Doncic,DAL,/players/d/doncilu01,https://www.basketball-reference.com/players/d/doncilu01/gamelog/2023
137,Tyler Dorsey,DAL,/players/d/dorsety01,https://www.basketball-reference.com/players/d/dorsety01/gamelog/2023
138,Luguentz Dort,OKC,/players/d/dortlu01,https://www.basketball-reference.com/players/d/dortlu01/gamelog/2023
139,Ayo Dosunmu,CHI,/players/d/dosunay01,https://www.basketball-reference.com/players/d/dosunay01/gamelog/2023
140,Devon Dotson,WAS,/players/d/dotsode01,https://www.basketball-reference.com/players/d/dotsode01/gamelog/2023
141,Jeff Dowtin,TOR,/players/d/dowtije01,https://www.basketball-reference.com/players/d/dowtije01/gamelog/2023
142,PJ Dozier,SAC,/players/d/doziepj01,https://www.basketball-reference.com/players/d/doziepj01/gamelog/2023
143,Goran Dragic,CHI,/players/d/dragigo01,https://www.basketball-reference.com/players/d/dragigo01/gamelog/2023
144,Andre Drummond,CHI,/players/d/drumman01,https://www.basketball-reference.com/players/d/drumman01/gamelog/2023
145,Chris Duarte,IND,/players/d/duartch01,https://www.basketball-reference.com/players/d/duartch01/gamelog/2023
146,David Duke Jr.,BRK,/players/d/dukeda01,https://www.basketball-reference.com/players/d/dukeda01/gamelog/2023
147,Kevin Durant,BRK,/players/d/duranke01,https://www.basketball-reference.com/players/d/duranke01/gamelog/2023
148,Jalen Duren,DET,/players/d/durenja01,https://www.basketball-reference.com/players/d/durenja01/gamelog/2023
149,Tari Eason,HOU,/players/e/easonta01,https://www.basketball-reference.com/players/e/easonta01/gamelog/2023
150,Anthony Edwards,MIN,/players/e/edwaran01,https://www.basketball-reference.com/players/e/edwaran01/gamelog/2023
151,Kessler Edwards,TOT,/players/e/edwarke02,https://www.basketball-reference.com/players/e/edwarke02/gamelog/2023
154,Keon Ellis,SAC,/players/e/elliske01,https://www.basketball-reference.com/players/e/elliske01/gamelog/2023
155,Joel Embiid,PHI,/players/e/embiijo01,https://www.basketball-reference.com/players/e/embiijo01/gamelog/2023
156,Drew Eubanks,POR,/players/e/eubandr01,https://www.basketball-reference.com/players/e/eubandr01/gamelog/2023
157,Bruno Fernando,TOT,/players/f/fernabr01,https://www.basketball-reference.com/players/f/fernabr01/gamelog/2023
160,Dorian Finney-Smith,TOT,/players/f/finnedo01,https://www.basketball-reference.com/players/f/finnedo01/gamelog/2023
163,Malachi Flynn,TOR,/players/f/flynnma01,https://www.basketball-reference.com/players/f/flynnma01/gamelog/2023
164,Simone Fontecchio,UTA,/players/f/fontesi01,https://www.basketball-reference.com/players/f/fontesi01/gamelog/2023
165,Bryn Forbes,MIN,/players/f/forbebr01,https://www.basketball-reference.com/players/f/forbebr01/gamelog/2023
166,Trent Forrest,ATL,/players/f/forretr01,https://www.basketball-reference.com/players/f/forretr01/gamelog/2023
167,Michael Foster Jr.,PHI,/players/f/fostemi02,https://www.basketball-reference.com/players/f/fostemi02/gamelog/2023
168,Evan Fournier,NYK,/players/f/fournev01,https://www.basketball-reference.com/players/f/fournev01/gamelog/2023
169,De'Aaron Fox,SAC,/players/f/foxde01,https://www.basketball-reference.com/players/f/foxde01/gamelog/2023
170,Markelle Fultz,ORL,/players/f/fultzma01,https://www.basketball-reference.com/players/f/fultzma01/gamelog/2023
171,Wenyen Gabriel,LAL,/players/g/gabriwe01,https://www.basketball-reference.com/players/g/gabriwe01/gamelog/2023
172,Daniel Gafford,WAS,/players/g/gaffoda01,https://www.basketball-reference.com/players/g/gaffoda01/gamelog/2023
173,Darius Garland,CLE,/players/g/garlada01,https://www.basketball-reference.com/players/g/garlada01/gamelog/2023
174,Usman Garuba,HOU,/players/g/garubus01,https://www.basketball-reference.com/players/g/garubus01/gamelog/2023
175,Luka Garza,MIN,/players/g/garzalu01,https://www.basketball-reference.com/players/g/garzalu01/gamelog/2023
176,Rudy Gay,UTA,/players/g/gayru01,https://www.basketball-reference.com/players/g/gayru01/gamelog/2023
177,Paul George,LAC,/players/g/georgpa01,https://www.basketball-reference.com/players/g/georgpa01/gamelog/2023
178,Taj Gibson,WAS,/players/g/gibsota01,https://www.basketball-reference.com/players/g/gibsota01/gamelog/2023
179,Josh Giddey,OKC,/players/g/giddejo01,https://www.basketball-reference.com/players/g/giddejo01/gamelog/2023
180,Shai Gilgeous-Alexander,OKC,/players/g/gilgesh01,https://www.basketball-reference.com/players/g/gilgesh01/gamelog/2023
181,Anthony Gill,WAS,/players/g/gillan01,https://www.basketball-reference.com/players/g/gillan01/gamelog/2023
182,Rudy Gobert,MIN,/players/g/goberru01,https://www.basketball-reference.com/players/g/goberru01/gamelog/2023
183,Jordan Goodwin,WAS,/players/g/goodwjo01,https://www.basketball-reference.com/players/g/goodwjo01/gamelog/2023
184,Aaron Gordon,DEN,/players/g/gordoaa01,https://www.basketball-reference.com/players/g/gordoaa01/gamelog/2023
185,Eric Gordon,TOT,/players/g/gordoer01,https://www.basketball-reference.com/players/g/gordoer01/gamelog/2023
188,Devonte' Graham,TOT,/players/g/grahade01,https://www.basketball-reference.com/players/g/grahade01/gamelog/2023
191,Jerami Grant,POR,/players/g/grantje01,https://www.basketball-reference.com/players/g/grantje01/gamelog/2023
192,A.J. Green,MIL,/players/g/greenaj01,https://www.basketball-reference.com/players/g/greenaj01/gamelog/2023
193,Danny Green,TOT,/players/g/greenda02,https://www.basketball-reference.com/players/g/greenda02/gamelog/2023
196,Draymond Green,GSW,/players/g/greendr01,https://www.basketball-reference.com/players/g/greendr01/gamelog/2023
197,Jalen Green,HOU,/players/g/greenja05,https://www.basketball-reference.com/players/g/greenja05/gamelog/2023
198,JaMychal Green,GSW,/players/g/greenja01,https://www.basketball-reference.com/players/g/greenja01/gamelog/2023
199,Javonte Green,CHI,/players/g/greenja02,https://www.basketball-reference.com/players/g/greenja02/gamelog/2023
200,Jeff Green,DEN,/players/g/greenje02,https://www.basketball-reference.com/players/g/greenje02/gamelog/2023
201,Josh Green,DAL,/players/g/greenjo02,https://www.basketball-reference.com/players/g/greenjo02/gamelog/2023
202,AJ Griffin,ATL,/players/g/griffaj01,https://www.basketball-reference.com/players/g/griffaj01/gamelog/2023
203,Blake Griffin,BOS,/players/g/griffbl01,https://www.basketball-reference.com/players/g/griffbl01/gamelog/2023
204,Quentin Grimes,NYK,/players/g/grimequ01,https://www.basketball-reference.com/players/g/grimequ01/gamelog/2023
205,Rui Hachimura,TOT,/players/h/hachiru01,https://www.basketball-reference.com/players/h/hachiru01/gamelog/2023
208,Tyrese Haliburton,IND,/players/h/halibty01,https://www.basketball-reference.com/players/h/halibty01/gamelog/2023
209,Jordan Hall,SAS,/players/h/halljo02,https://www.basketball-reference.com/players/h/halljo02/gamelog/2023
210,R.J. Hampton,ORL,/players/h/hamptrj01,https://www.basketball-reference.com/players/h/hamptrj01/gamelog/2023
211,Tim Hardaway Jr.,DAL,/players/h/hardati02,https://www.basketball-reference.com/players/h/hardati02/gamelog/2023
212,James Harden,PHI,/players/h/hardeja01,https://www.basketball-reference.com/players/h/hardeja01/gamelog/2023
213,Jaden Hardy,DAL,/players/h/hardyja02,https://www.basketball-reference.com/players/h/hardyja02/gamelog/2023
214,Ron Harper Jr.,TOR,/players/h/harpero02,https://www.basketball-reference.com/players/h/harpero02/gamelog/2023
215,Montrezl Harrell,PHI,/players/h/harremo01,https://www.basketball-reference.com/players/h/harremo01/gamelog/2023
216,Gary Harris,ORL,/players/h/harriga01,https://www.basketball-reference.com/players/h/harriga01/gamelog/2023
217,Joe Harris,BRK,/players/h/harrijo01,https://www.basketball-reference.com/players/h/harrijo01/gamelog/2023
218,Kevon Harris,ORL,/players/h/harrike01,https://www.basketball-reference.com/players/h/harrike01/gamelog/2023
219,Tobias Harris,PHI,/players/h/harrito02,https://www.basketball-reference.com/players/h/harrito02/gamelog/2023
220,Josh Hart,TOT,/players/h/hartjo01,https://www.basketball-reference.com/players/h/hartjo01/gamelog/2023
223,Isaiah Hartenstein,NYK,/players/h/harteis01,https://www.basketball-reference.com/players/h/harteis01/gamelog/2023
224,Udonis Haslem,MIA,/players/h/hasleud01,https://www.basketball-reference.com/players/h/hasleud01/gamelog/2023
225,Sam Hauser,BOS,/players/h/hausesa01,https://www.basketball-reference.com/players/h/hausesa01/gamelog/2023
226,Jaxson Hayes,NOP,/players/h/hayesja02,https://www.basketball-reference.com/players/h/hayesja02/gamelog/2023
227,Killian Hayes,DET,/players/h/hayeski01,https://www.basketball-reference.com/players/h/hayeski01/gamelog/2023
228,Gordon Hayward,CHO,/players/h/haywago01,https://www.basketball-reference.com/players/h/haywago01/gamelog/2023
229,Juancho Hernangomez,TOR,/players/h/hernaju01,https://www.basketball-reference.com/players/h/hernaju01/gamelog/2023
230,Willy Hernangomez,NOP,/players/h/hernawi01,https://www.basketball-reference.com/players/h/hernawi01/gamelog/2023
231,Tyler Herro,MIA,/players/h/herroty01,https://www.basketball-reference.com/players/h/herroty01/gamelog/2023
232,Buddy Hield,IND,/players/h/hieldbu01,https://www.basketball-reference.com/players/h/hieldbu01/gamelog/2023
233,Haywood Highsmith,MIA,/players/h/highsha01,https://www.basketball-reference.com/players/h/highsha01/gamelog/2023
234,George Hill,TOT,/players/h/hillge01,https://www.basketball-reference.com/players/h/hillge01/gamelog/2023
237,Malcolm Hill,CHI,/players/h/hillma01,https://www.basketball-reference.com/players/h/hillma01/gamelog/2023
238,Aaron Holiday,ATL,/players/h/holidaa01,https://www.basketball-reference.com/players/h/holidaa01/gamelog/2023
239,Jrue Holiday,MIL,/players/h/holidjr01,https://www.basketball-reference.com/players/h/holidjr01/gamelog/2023
240,Justin Holiday,ATL,/players/h/holidju01,https://www.basketball-reference.com/players/h/holidju01/gamelog/2023
241,Richaun Holmes,SAC,/players/h/holmeri01,https://www.basketball-reference.com/players/h/holmeri01/gamelog/2023
242,Al Horford,BOS,/players/h/horfoal01,https://www.basketball-reference.com/players/h/horfoal01/gamelog/2023
243,Talen Horton-Tucker,UTA,/players/h/hortota01,https://www.basketball-reference.com/players/h/hortota01/gamelog/2023
244,Danuel House Jr.,PHI,/players/h/houseda01,https://www.basketball-reference.com/players/h/houseda01/gamelog/2023
245,Caleb Houstan,ORL,/players/h/houstca01,https://www.basketball-reference.com/players/h/houstca01/gamelog/2023
246,Trevor Hudgins,HOU,/players/h/hudgitr01,https://www.basketball-reference.com/players/h/hudgitr01/gamelog/2023
247,Kevin Huerter,SAC,/players/h/huertke01,https://www.basketball-reference.com/players/h/huertke01/gamelog/2023
248,De'Andre Hunter,ATL,/players/h/huntede01,https://www.basketball-reference.com/players/h/huntede01/gamelog/2023
249,Bones Hyland,TOT,/players/h/hylanbo01,https://www.basketball-reference.com/players/h/hylanbo01/gamelog/2023
252,Serge Ibaka,MIL,/players/i/ibakase01,https://www.basketball-reference.com/players/i/ibakase01/gamelog/2023
253,Andre Iguodala,GSW,/players/i/iguodan01,https://www.basketball-reference.com/players/i/iguodan01/gamelog/2023
254,Joe Ingles,MIL,/players/i/inglejo01,https://www.basketball-reference.com/players/i/inglejo01/gamelog/2023
255,Brandon Ingram,NOP,/players/i/ingrabr01,https://www.basketball-reference.com/players/i/ingrabr01/gamelog/2023
256,Kyrie Irving,TOT,/players/i/irvinky01,https://www.basketball-reference.com/players/i/irvinky01/gamelog/2023
259,Jonathan Isaac,ORL,/players/i/isaacjo01,https://www.basketball-reference.com/players/i/isaacjo01/gamelog/2023
260,Jaden Ivey,DET,/players/i/iveyja01,https://www.basketball-reference.com/players/i/iveyja01/gamelog/2023
261,Isaiah Jackson,IND,/players/j/jacksis01,https://www.basketball-reference.com/players/j/jacksis01/gamelog/2023
262,Jaren Jackson Jr.,MEM,/players/j/jacksja02,https://www.basketball-reference.com/players/j/jacksja02/gamelog/2023
263,Justin Jackson,BOS,/players/j/jacksju01,https://www.basketball-reference.com/players/j/jacksju01/gamelog/2023
264,Quenton Jackson,WAS,/players/j/jacksqu01,https://www.basketball-reference.com/players/j/jacksqu01/gamelog/2023
265,Reggie Jackson,LAC,/players/j/jacksre01,https://www.basketball-reference.com/players/j/jacksre01/gamelog/2023
266,LeBron James,LAL,/players/j/jamesle01,https://www.basketball-reference.com/players/j/jamesle01/gamelog/2023
267,Ty Jerome,GSW,/players/j/jeromty01,https://www.basketball-reference.com/players/j/jeromty01/gamelog/2023
268,Isaiah Joe,OKC,/players/j/joeis01,https://www.basketball-reference.com/players/j/joeis01/gamelog/2023
269,Alize Johnson,SAS,/players/j/johnsal02,https://www.basketball-reference.com/players/j/johnsal02/gamelog/2023
270,Cameron Johnson,TOT,/players/j/johnsca02,https://www.basketball-reference.com/players/j/johnsca02/gamelog/2023
273,Jalen Johnson,ATL,/players/j/johnsja05,https://www.basketball-reference.com/players/j/johnsja05/gamelog/2023
274,James Johnson,IND,/players/j/johnsja01,https://www.basketball-reference.com/players/j/johnsja01/gamelog/2023
275,Keldon Johnson,SAS,/players/j/johnske04,https://www.basketball-reference.com/players/j/johnske04/gamelog/2023
276,Keon Johnson,POR,/players/j/johnske07,https://www.basketball-reference.com/players/j/johnske07/gamelog/2023
277,Stanley Johnson,SAS,/players/j/johnsst04,https://www.basketball-reference.com/players/j/johnsst04/gamelog/2023
278,Nikola Jokic,DEN,/players/j/jokicni01,https://www.basketball-reference.com/players/j/jokicni01/gamelog/2023
279,Carlik Jones,CHI,/players/j/jonesca03,https://www.basketball-reference.com/players/j/jonesca03/gamelog/2023
280,Damian Jones,TOT,/players/j/jonesda03,https://www.basketball-reference.com/players/j/jonesda03/gamelog/2023
283,Derrick Jones Jr.,CHI,/players/j/jonesde02,https://www.basketball-reference.com/players/j/jonesde02/gamelog/2023
284,Herbert Jones,NOP,/players/j/joneshe01,https://www.basketball-reference.com/players/j/joneshe01/gamelog/2023
285,Kai Jones,CHO,/players/j/joneska01,https://www.basketball-reference.com/players/j/joneska01/gamelog/2023
286,Tre Jones,SAS,/players/j/jonestr01,https://www.basketball-reference.com/players/j/jonestr01/gamelog/2023
287,Tyus Jones,MEM,/players/j/jonesty01,https://www.basketball-reference.com/players/j/jonesty01/gamelog/2023
288,DeAndre Jordan,DEN,/players/j/jordade01,https://www.basketball-reference.com/players/j/jordade01/gamelog/2023
289,Cory Joseph,DET,/players/j/josepco01,https://www.basketball-reference.com/players/j/josepco01/gamelog/2023
290,Nikola Jovic,MIA,/players/j/jovicni01,https://www.basketball-reference.com/players/j/jovicni01/gamelog/2023
291,Mfiondu Kabengele,BOS,/players/k/kabenmf01,https://www.basketball-reference.com/players/k/kabenmf01/gamelog/2023
292,Frank Kaminsky,TOT,/players/k/kaminfr01,https://www.basketball-reference.com/players/k/kaminfr01/gamelog/2023
295,Trevor Keels,NYK,/players/k/keelstr01,https://www.basketball-reference.com/players/k/keelstr01/gamelog/2023
296,Luke Kennard,TOT,/players/k/kennalu01,https://www.basketball-reference.com/players/k/kennalu01/gamelog/2023
299,Walker Kessler,UTA,/players/k/kesslwa01,https://www.basketball-reference.com/players/k/kesslwa01/gamelog/2023
300,Braxton Key,DET,/players/k/keybr01,https://www.basketball-reference.com/players/k/keybr01/gamelog/2023
301,Corey Kispert,WAS,/players/k/kispeco01,https://www.basketball-reference.com/players/k/kispeco01/gamelog/2023
302,Maxi Kleber,DAL,/players/k/klebima01,https://www.basketball-reference.com/players/k/klebima01/gamelog/2023
303,Nathan Knight,MIN,/players/k/knighna01,https://www.basketball-reference.com/players/k/knighna01/gamelog/2023
304,Kevin Knox,TOT,/players/k/knoxke01,https://www.basketball-reference.com/players/k/knoxke01/gamelog/2023
307,Christian Koloko,TOR,/players/k/kolokch01,https://www.basketball-reference.com/players/k/kolokch01/gamelog/2023
308,John Konchar,MEM,/players/k/konchjo01,https://www.basketball-reference.com/players/k/konchjo01/gamelog/2023
309,Furkan Korkmaz,PHI,/players/k/korkmfu01,https://www.basketball-reference.com/players/k/korkmfu01/gamelog/2023
310,Luke Kornet,BOS,/players/k/kornelu01,https://www.basketball-reference.com/players/k/kornelu01/gamelog/2023
311,Vit Krejci,ATL,/players/k/krejcvi01,https://www.basketball-reference.com/players/k/krejcvi01/gamelog/2023
312,Jonathan Kuminga,GSW,/players/k/kuminjo01,https://www.basketball-reference.com/players/k/kuminjo01/gamelog/2023
313,Kyle Kuzma,WAS,/players/k/kuzmaky01,https://www.basketball-reference.com/players/k/kuzmaky01/gamelog/2023
314,Anthony Lamb,GSW,/players/l/lamban01,https://www.basketball-reference.com/players/l/lamban01/gamelog/2023
315,Jock Landale,PHO,/players/l/landajo01,https://www.basketball-reference.com/players/l/landajo01/gamelog/2023
316,Romeo Langford,SAS,/players/l/langfro01,https://www.basketball-reference.com/players/l/langfro01/gamelog/2023
317,Jake LaRavia,MEM,/players/l/laravja01,https://www.basketball-reference.com/players/l/laravja01/gamelog/2023
318,Zach LaVine,CHI,/players/l/lavinza01,https://www.basketball-reference.com/players/l/lavinza01/gamelog/2023
319,A.J. Lawson,TOT,/players/l/lawsoaj01,https://www.basketball-reference.com/players/l/lawsoaj01/gamelog/2023
322,Damion Lee,PHO,/players/l/leeda03,https://www.basketball-reference.com/players/l/leeda03/gamelog/2023
323,Saben Lee,TOT,/players/l/leesa01,https://www.basketball-reference.com/players/l/leesa01/gamelog/2023
326,Alex Len,SAC,/players/l/lenal01,https://www.basketball-reference.com/players/l/lenal01/gamelog/2023
327,Kawhi Leonard,LAC,/players/l/leonaka01,https://www.basketball-reference.com/players/l/leonaka01/gamelog/2023
328,Caris LeVert,CLE,/players/l/leverca01,https://www.basketball-reference.com/players/l/leverca01/gamelog/2023
329,Kira Lewis Jr.,NOP,/players/l/lewiski01,https://www.basketball-reference.com/players/l/lewiski01/gamelog/2023
330,Damian Lillard,POR,/players/l/lillada01,https://www.basketball-reference.com/players/l/lillada01/gamelog/2023
331,Nassir Little,POR,/players/l/littlna01,https://www.basketball-reference.com/players/l/littlna01/gamelog/2023
332,Isaiah Livers,DET,/players/l/liveris01,https://www.basketball-reference.com/players/l/liveris01/gamelog/2023
333,Kenneth Lofton Jr.,MEM,/players/l/loftoke01,https://www.basketball-reference.com/players/l/loftoke01/gamelog/2023
334,Kevon Looney,GSW,/players/l/looneke01,https://www.basketball-reference.com/players/l/looneke01/gamelog/2023
335,Brook Lopez,MIL,/players/l/lopezbr01,https://www.basketball-reference.com/players/l/lopezbr01/gamelog/2023
336,Robin Lopez,CLE,/players/l/lopezro01,https://www.basketball-reference.com/players/l/lopezro01/gamelog/2023
337,Kevin Love,CLE,/players/l/loveke01,https://www.basketball-reference.com/players/l/loveke01/gamelog/2023
338,Kyle Lowry,MIA,/players/l/lowryky01,https://www.basketball-reference.com/players/l/lowryky01/gamelog/2023
339,Trey Lyles,SAC,/players/l/lylestr01,https://www.basketball-reference.com/players/l/lylestr01/gamelog/2023
340,Theo Maledon,CHO,/players/m/maledth01,https://www.basketball-reference.com/players/m/maledth01/gamelog/2023
341,Sandro Mamukelashvili,MIL,/players/m/mamuksa01,https://www.basketball-reference.com/players/m/mamuksa01/gamelog/2023
342,Terance Mann,LAC,/players/m/mannte01,https://www.basketball-reference.com/players/m/mannte01/gamelog/2023
343,Tre Mann,OKC,/players/m/manntr01,https://www.basketball-reference.com/players/m/manntr01/gamelog/2023
344,Boban Marjanovic,HOU,/players/m/marjabo01,https://www.basketball-reference.com/players/m/marjabo01/gamelog/2023
345,Lauri Markkanen,UTA,/players/m/markkla01,https://www.basketball-reference.com/players/m/markkla01/gamelog/2023
346,Naji Marshall,NOP,/players/m/marshna01,https://www.basketball-reference.com/players/m/marshna01/gamelog/2023
347,Caleb Martin,MIA,/players/m/martica02,https://www.basketball-reference.com/players/m/martica02/gamelog/2023
348,Cody Martin,CHO,/players/m/martico01,https://www.basketball-reference.com/players/m/martico01/gamelog/2023
349,Kenyon Martin Jr.,HOU,/players/m/martike04,https://www.basketball-reference.com/players/m/martike04/gamelog/2023
350,Tyrese Martin,ATL,/players/m/martity01,https://www.basketball-reference.com/players/m/martity01/gamelog/2023
351,Garrison Mathews,TOT,/players/m/mathega01,https://www.basketball-reference.com/players/m/mathega01/gamelog/2023
354,Bennedict Mathurin,IND,/players/m/mathube01,https://www.basketball-reference.com/players/m/mathube01/gamelog/2023
355,Wesley Matthews,MIL,/players/m/matthwe02,https://www.basketball-reference.com/players/m/matthwe02/gamelog/2023
356,Tyrese Maxey,PHI,/players/m/maxeyty01,https://www.basketball-reference.com/players/m/maxeyty01/gamelog/2023
357,Miles McBride,NYK,/players/m/mcbrimi01,https://www.basketball-reference.com/players/m/mcbrimi01/gamelog/2023
358,CJ McCollum,NOP,/players/m/mccolcj01,https://www.basketball-reference.com/players/m/mccolcj01/gamelog/2023
359,T.J. McConnell,IND,/players/m/mccontj01,https://www.basketball-reference.com/players/m/mccontj01/gamelog/2023
360,Jaden McDaniels,MIN,/players/m/mcdanja02,https://www.basketball-reference.com/players/m/mcdanja02/gamelog/2023
361,Jalen McDaniels,TOT,/players/m/mcdanja01,https://www.basketball-reference.com/players/m/mcdanja01/gamelog/2023
364,Doug McDermott,SAS,/players/m/mcderdo01,https://www.basketball-reference.com/players/m/mcderdo01/gamelog/2023
365,JaVale McGee,DAL,/players/m/mcgeeja01,https://www.basketball-reference.com/players/m/mcgeeja01/gamelog/2023
366,Bryce McGowens,CHO,/players/m/mcgowbr01,https://www.basketball-reference.com/players/m/mcgowbr01/gamelog/2023
367,Rodney McGruder,DET,/players/m/mcgruro01,https://www.basketball-reference.com/players/m/mcgruro01/gamelog/2023
368,Jordan McLaughlin,MIN,/players/m/mclaujo01,https://www.basketball-reference.com/players/m/mclaujo01/gamelog/2023
369,De'Anthony Melton,PHI,/players/m/meltode01,https://www.basketball-reference.com/players/m/meltode01/gamelog/2023
370,Chimezie Metu,SAC,/players/m/metuch01,https://www.basketball-reference.com/players/m/metuch01/gamelog/2023
371,Khris Middleton,MIL,/players/m/middlkh01,https://www.basketball-reference.com/players/m/middlkh01/gamelog/2023
372,Patty Mills,BRK,/players/m/millspa02,https://www.basketball-reference.com/players/m/millspa02/gamelog/2023
373,Shake Milton,PHI,/players/m/miltosh01,https://www.basketball-reference.com/players/m/miltosh01/gamelog/2023
374,Josh Minott,MIN,/players/m/minotjo01,https://www.basketball-reference.com/players/m/minotjo01/gamelog/2023
375,Davion Mitchell,SAC,/players/m/mitchda01,https://www.basketball-reference.com/players/m/mitchda01/gamelog/2023
376,Donovan Mitchell,CLE,/players/m/mitchdo01,https://www.basketball-reference.com/players/m/mitchdo01/gamelog/2023
377,Evan Mobley,CLE,/players/m/mobleev01,https://www.basketball-reference.com/players/m/mobleev01/gamelog/2023
378,Isaiah Mobley,CLE,/players/m/mobleis01,https://www.basketball-reference.com/players/m/mobleis01/gamelog/2023
379,Chima Moneke,SAC,/players/m/monekch01,https://www.basketball-reference.com/players/m/monekch01/gamelog/2023
380,Malik Monk,SAC,/players/m/monkma01,https://www.basketball-reference.com/players/m/monkma01/gamelog/2023
381,Moses Moody,GSW,/players/m/moodymo01,https://www.basketball-reference.com/players/m/moodymo01/gamelog/2023
382,Wendell Moore Jr.,MIN,/players/m/moorewe01,https://www.basketball-reference.com/players/m/moorewe01/gamelog/2023
383,Ja Morant,MEM,/players/m/moranja01,https://www.basketball-reference.com/players/m/moranja01/gamelog/2023
384,Marcus Morris,LAC,/players/m/morrima03,https://www.basketball-reference.com/players/m/morrima03/gamelog/2023
385,Markieff Morris,BRK,/players/m/morrima02,https://www.basketball-reference.com/players/m/morrima02/gamelog/2023
386,Monte Morris,WAS,/players/m/morrimo01,https://www.basketball-reference.com/players/m/morrimo01/gamelog/2023
387,Trey Murphy III,NOP,/players/m/murphtr02,https://www.basketball-reference.com/players/m/murphtr02/gamelog/2023
388,Dejounte Murray,ATL,/players/m/murrade01,https://www.basketball-reference.com/players/m/murrade01/gamelog/2023
389,Jamal Murray,DEN,/players/m/murraja01,https://www.basketball-reference.com/players/m/murraja01/gamelog/2023
390,Keegan Murray,SAC,/players/m/murrake02,https://www.basketball-reference.com/players/m/murrake02/gamelog/2023
391,Mike Muscala,TOT,/players/m/muscami01,https://www.basketball-reference.com/players/m/muscami01/gamelog/2023
394,Svi Mykhailiuk,TOT,/players/m/mykhasv01,https://www.basketball-reference.com/players/m/mykhasv01/gamelog/2023
397,Larry Nance Jr.,NOP,/players/n/nancela02,https://www.basketball-reference.com/players/n/nancela02/gamelog/2023
398,Andrew Nembhard,IND,/players/n/nembhan01,https://www.basketball-reference.com/players/n/nembhan01/gamelog/2023
399,Aaron Nesmith,IND,/players/n/nesmiaa01,https://www.basketball-reference.com/players/n/nesmiaa01/gamelog/2023
400,Raul Neto,CLE,/players/n/netora01,https://www.basketball-reference.com/players/n/netora01/gamelog/2023
401,Georges Niang,PHI,/players/n/niangge01,https://www.basketball-reference.com/players/n/niangge01/gamelog/2023
402,Daishen Nix,HOU,/players/n/nixda01,https://www.basketball-reference.com/players/n/nixda01/gamelog/2023
403,Zeke Nnaji,DEN,/players/n/nnajize01,https://www.basketball-reference.com/players/n/nnajize01/gamelog/2023
404,Nerlens Noel,DET,/players/n/noelne01,https://www.basketball-reference.com/players/n/noelne01/gamelog/2023
405,Jaylen Nowell,MIN,/players/n/nowelja01,https://www.basketball-reference.com/players/n/nowelja01/gamelog/2023
406,Frank Ntilikina,DAL,/players/n/ntilila01,https://www.basketball-reference.com/players/n/ntilila01/gamelog/2023
407,Kendrick Nunn,TOT,/players/n/nunnke01,https://www.basketball-reference.com/players/n/nunnke01/gamelog/2023
410,Jusuf Nurkic,POR,/players/n/nurkiju01,https://www.basketball-reference.com/players/n/nurkiju01/gamelog/2023
411,Jordan Nwora,TOT,/players/n/nworajo01,https://www.basketball-reference.com/players/n/nworajo01/gamelog/2023
414,Royce O'Neale,BRK,/players/o/onealro01,https://www.basketball-reference.com/players/o/onealro01/gamelog/2023
415,Chuma Okeke,ORL,/players/o/okekech01,https://www.basketball-reference.com/players/o/okekech01/gamelog/2023
416,Josh Okogie,PHO,/players/o/okogijo01,https://www.basketball-reference.com/players/o/okogijo01/gamelog/2023
417,Onyeka Okongwu,ATL,/players/o/okongon01,https://www.basketball-reference.com/players/o/okongon01/gamelog/2023
418,Isaac Okoro,CLE,/players/o/okorois01,https://www.basketball-reference.com/players/o/okorois01/gamelog/2023
419,KZ Okpala,SAC,/players/o/okpalkz01,https://www.basketball-reference.com/players/o/okpalkz01/gamelog/2023
420,Victor Oladipo,MIA,/players/o/oladivi01,https://www.basketball-reference.com/players/o/oladivi01/gamelog/2023
421,Kelly Olynyk,UTA,/players/o/olynyke01,https://www.basketball-reference.com/players/o/olynyke01/gamelog/2023
422,Eugene Omoruyi,OKC,/players/o/omorueu01,https://www.basketball-reference.com/players/o/omorueu01/gamelog/2023
423,Cedi Osman,CLE,/players/o/osmande01,https://www.basketball-reference.com/players/o/osmande01/gamelog/2023
424,Kelly Oubre Jr.,CHO,/players/o/oubreke01,https://www.basketball-reference.com/players/o/oubreke01/gamelog/2023
425,Chris Paul,PHO,/players/p/paulch01,https://www.basketball-reference.com/players/p/paulch01/gamelog/2023
426,Cameron Payne,PHO,/players/p/payneca01,https://www.basketball-reference.com/players/p/payneca01/gamelog/2023
427,Gary Payton II,POR,/players/p/paytoga02,https://www.basketball-reference.com/players/p/paytoga02/gamelog/2023
428,Theo Pinson,DAL,/players/p/pinsoth01,https://www.basketball-reference.com/players/p/pinsoth01/gamelog/2023
429,Scotty Pippen Jr.,LAL,/players/p/pippesc02,https://www.basketball-reference.com/players/p/pippesc02/gamelog/2023
430,Mason Plumlee,TOT,/players/p/plumlma01,https://www.basketball-reference.com/players/p/plumlma01/gamelog/2023
433,Jakob Poeltl,TOT,/players/p/poeltja01,https://www.basketball-reference.com/players/p/poeltja01/gamelog/2023
436,Aleksej Pokusevski,OKC,/players/p/pokusal01,https://www.basketball-reference.com/players/p/pokusal01/gamelog/2023
437,Jordan Poole,GSW,/players/p/poolejo01,https://www.basketball-reference.com/players/p/poolejo01/gamelog/2023
438,Kevin Porter Jr.,HOU,/players/p/porteke02,https://www.basketball-reference.com/players/p/porteke02/gamelog/2023
439,Michael Porter Jr.,DEN,/players/p/portemi01,https://www.basketball-reference.com/players/p/portemi01/gamelog/2023
440,Otto Porter Jr.,TOR,/players/p/porteot01,https://www.basketball-reference.com/players/p/porteot01/gamelog/2023
441,Bobby Portis,MIL,/players/p/portibo01,https://www.basketball-reference.com/players/p/portibo01/gamelog/2023
442,Kristaps Porzingis,WAS,/players/p/porzikr01,https://www.basketball-reference.com/players/p/porzikr01/gamelog/2023
443,Micah Potter,UTA,/players/p/pottemi01,https://www.basketball-reference.com/players/p/pottemi01/gamelog/2023
444,Dwight Powell,DAL,/players/p/poweldw01,https://www.basketball-reference.com/players/p/poweldw01/gamelog/2023
445,Norman Powell,LAC,/players/p/powelno01,https://www.basketball-reference.com/players/p/powelno01/gamelog/2023
446,Jason Preston,LAC,/players/p/prestja01,https://www.basketball-reference.com/players/p/prestja01/gamelog/2023
447,Joshua Primo,SAS,/players/p/primojo01,https://www.basketball-reference.com/players/p/primojo01/gamelog/2023
448,Taurean Prince,MIN,/players/p/princta02,https://www.basketball-reference.com/players/p/princta02/gamelog/2023
449,Payton Pritchard,BOS,/players/p/pritcpa01,https://www.basketball-reference.com/players/p/pritcpa01/gamelog/2023
450,Trevelin Queen,IND,/players/q/queentr01,https://www.basketball-reference.com/players/q/queentr01/gamelog/2023
451,Neemias Queta,SAC,/players/q/quetane01,https://www.basketball-reference.com/players/q/quetane01/gamelog/2023
452,Immanuel Quickley,NYK,/players/q/quickim01,https://www.basketball-reference.com/players/q/quickim01/gamelog/2023
453,Julius Randle,NYK,/players/r/randlju01,https://www.basketball-reference.com/players/r/randlju01/gamelog/2023
454,Austin Reaves,LAL,/players/r/reaveau01,https://www.basketball-reference.com/players/r/reaveau01/gamelog/2023
455,Cam Reddish,TOT,/players/r/reddica01,https://www.basketball-reference.com/players/r/reddica01/gamelog/2023
458,Davon Reed,TOT,/players/r/reedda01,https://www.basketball-reference.com/players/r/reedda01/gamelog/2023
461,Paul Reed,PHI,/players/r/reedpa01,https://www.basketball-reference.com/players/r/reedpa01/gamelog/2023
462,Naz Reid,MIN,/players/r/reidna01,https://www.basketball-reference.com/players/r/reidna01/gamelog/2023
463,Jared Rhoden,DET,/players/r/rhodeja01,https://www.basketball-reference.com/players/r/rhodeja01/gamelog/2023
464,Nick Richards,CHO,/players/r/richani01,https://www.basketball-reference.com/players/r/richani01/gamelog/2023
465,Josh Richardson,TOT,/players/r/richajo01,https://www.basketball-reference.com/players/r/richajo01/gamelog/2023
468,Austin Rivers,MIN,/players/r/riverau01,https://www.basketball-reference.com/players/r/riverau01/gamelog/2023
469,Duncan Robinson,MIA,/players/r/robindu01,https://www.basketball-reference.com/players/r/robindu01/gamelog/2023
470,Mitchell Robinson,NYK,/players/r/robinmi01,https://www.basketball-reference.com/players/r/robinmi01/gamelog/2023
471,Orlando Robinson,MIA,/players/r/robinor01,https://www.basketball-reference.com/players/r/robinor01/gamelog/2023
472,Jeremiah Robinson-Earl,OKC,/players/r/robinje02,https://www.basketball-reference.com/players/r/robinje02/gamelog/2023
473,Isaiah Roby,SAS,/players/r/robyis01,https://www.basketball-reference.com/players/r/robyis01/gamelog/2023
474,David Roddy,MEM,/players/r/roddyda01,https://www.basketball-reference.com/players/r/roddyda01/gamelog/2023
475,Ryan Rollins,GSW,/players/r/rolliry01,https://www.basketball-reference.com/players/r/rolliry01/gamelog/2023
476,Derrick Rose,NYK,/players/r/rosede01,https://www.basketball-reference.com/players/r/rosede01/gamelog/2023
477,Terrence Ross,TOT,/players/r/rosste01,https://www.basketball-reference.com/players/r/rosste01/gamelog/2023
480,Terry Rozier,CHO,/players/r/roziete01,https://www.basketball-reference.com/players/r/roziete01/gamelog/2023
481,Ricky Rubio,CLE,/players/r/rubiori01,https://www.basketball-reference.com/players/r/rubiori01/gamelog/2023
482,D'Angelo Russell,TOT,/players/r/russeda01,https://www.basketball-reference.com/players/r/russeda01/gamelog/2023
485,Matt Ryan,TOT,/players/r/ryanma01,https://www.basketball-reference.com/players/r/ryanma01/gamelog/2023
488,Domantas Sabonis,SAC,/players/s/sabondo01,https://www.basketball-reference.com/players/s/sabondo01/gamelog/2023
489,Dario Saric,TOT,/players/s/saricda01,https://www.basketball-reference.com/players/s/saricda01/gamelog/2023
492,Jordan Schakel,WAS,/players/s/schakjo01,https://www.basketball-reference.com/players/s/schakjo01/gamelog/2023
493,Admiral Schofield,ORL,/players/s/schofad01,https://www.basketball-reference.com/players/s/schofad01/gamelog/2023
494,Dennis Schroder,LAL,/players/s/schrode01,https://www.basketball-reference.com/players/s/schrode01/gamelog/2023
495,Dereon Seabron,NOP,/players/s/seabrde01,https://www.basketball-reference.com/players/s/seabrde01/gamelog/2023
496,Alperen Sengun,HOU,/players/s/sengual01,https://www.basketball-reference.com/players/s/sengual01/gamelog/2023
497,Collin Sexton,UTA,/players/s/sextoco01,https://www.basketball-reference.com/players/s/sextoco01/gamelog/2023
498,Landry Shamet,PHO,/players/s/shamela01,https://www.basketball-reference.com/players/s/shamela01/gamelog/2023
499,Day'Ron Sharpe,BRK,/players/s/sharpda01,https://www.basketball-reference.com/players/s/sharpda01/gamelog/2023
500,Shaedon Sharpe,POR,/players/s/sharpsh01,https://www.basketball-reference.com/players/s/sharpsh01/gamelog/2023
501,Pascal Siakam,TOR,/players/s/siakapa01,https://www.basketball-reference.com/players/s/siakapa01/gamelog/2023
502,Chris Silva,DAL,/players/s/silvach01,https://www.basketball-reference.com/players/s/silvach01/gamelog/2023
503,Ben Simmons,BRK,/players/s/simmobe01,https://www.basketball-reference.com/players/s/simmobe01/gamelog/2023
504,Marko Simonovic,CHI,/players/s/simonma01,https://www.basketball-reference.com/players/s/simonma01/gamelog/2023
505,Anfernee Simons,POR,/players/s/simonan01,https://www.basketball-reference.com/players/s/simonan01/gamelog/2023
506,Jericho Sims,NYK,/players/s/simsje01,https://www.basketball-reference.com/players/s/simsje01/gamelog/2023
507,Marcus Smart,BOS,/players/s/smartma01,https://www.basketball-reference.com/players/s/smartma01/gamelog/2023
508,Dennis Smith Jr.,CHO,/players/s/smithde03,https://www.basketball-reference.com/players/s/smithde03/gamelog/2023
509,Dru Smith,TOT,/players/s/smithdr01,https://www.basketball-reference.com/players/s/smithdr01/gamelog/2023
512,Ish Smith,DEN,/players/s/smithis01,https://www.basketball-reference.com/players/s/smithis01/gamelog/2023
513,Jabari Smith Jr.,HOU,/players/s/smithja05,https://www.basketball-reference.com/players/s/smithja05/gamelog/2023
514,Jalen Smith,IND,/players/s/smithja04,https://www.basketball-reference.com/players/s/smithja04/gamelog/2023
515,Jeremy Sochan,SAS,/players/s/sochaje01,https://www.basketball-reference.com/players/s/sochaje01/gamelog/2023
516,Jaden Springer,PHI,/players/s/sprinja01,https://www.basketball-reference.com/players/s/sprinja01/gamelog/2023
517,Lamar Stevens,CLE,/players/s/stevela01,https://www.basketball-reference.com/players/s/stevela01/gamelog/2023
518,Isaiah Stewart,DET,/players/s/stewais01,https://www.basketball-reference.com/players/s/stewais01/gamelog/2023
519,Max Strus,MIA,/players/s/strusma01,https://www.basketball-reference.com/players/s/strusma01/gamelog/2023
520,Jalen Suggs,ORL,/players/s/suggsja01,https://www.basketball-reference.com/players/s/suggsja01/gamelog/2023
521,Edmond Sumner,BRK,/players/s/sumneed01,https://www.basketball-reference.com/players/s/sumneed01/gamelog/2023
522,Cole Swider,LAL,/players/s/swideco01,https://www.basketball-reference.com/players/s/swideco01/gamelog/2023
523,Jae'Sean Tate,HOU,/players/t/tateja01,https://www.basketball-reference.com/players/t/tateja01/gamelog/2023
524,Jayson Tatum,BOS,/players/t/tatumja01,https://www.basketball-reference.com/players/t/tatumja01/gamelog/2023
525,Terry Taylor,IND,/players/t/taylote01,https://www.basketball-reference.com/players/t/taylote01/gamelog/2023
526,Garrett Temple,NOP,/players/t/templga01,https://www.basketball-reference.com/players/t/templga01/gamelog/2023
527,Dalen Terry,CHI,/players/t/terryda01,https://www.basketball-reference.com/players/t/terryda01/gamelog/2023
528,Daniel Theis,IND,/players/t/theisda01,https://www.basketball-reference.com/players/t/theisda01/gamelog/2023
529,Cam Thomas,BRK,/players/t/thomaca02,https://www.basketball-reference.com/players/t/thomaca02/gamelog/2023
530,Klay Thompson,GSW,/players/t/thompkl01,https://www.basketball-reference.com/players/t/thompkl01/gamelog/2023
531,JT Thor,CHO,/players/t/thorjt01,https://www.basketball-reference.com/players/t/thorjt01/gamelog/2023
532,Matisse Thybulle,TOT,/players/t/thybuma01,https://www.basketball-reference.com/players/t/thybuma01/gamelog/2023
535,Xavier Tillman Sr.,MEM,/players/t/tillmxa01,https://www.basketball-reference.com/players/t/tillmxa01/gamelog/2023
536,Isaiah Todd,WAS,/players/t/toddis01,https://www.basketball-reference.com/players/t/toddis01/gamelog/2023
537,Obi Toppin,NYK,/players/t/toppiob01,https://www.basketball-reference.com/players/t/toppiob01/gamelog/2023
538,Juan Toscano-Anderson,TOT,/players/t/toscaju01,https://www.basketball-reference.com/players/t/toscaju01/gamelog/2023
541,Karl-Anthony Towns,MIN,/players/t/townska01,https://www.basketball-reference.com/players/t/townska01/gamelog/2023
542,Gary Trent Jr.,TOR,/players/t/trentga02,https://www.basketball-reference.com/players/t/trentga02/gamelog/2023
543,P.J. Tucker,PHI,/players/t/tuckepj01,https://www.basketball-reference.com/players/t/tuckepj01/gamelog/2023
544,Myles Turner,IND,/players/t/turnemy01,https://www.basketball-reference.com/players/t/turnemy01/gamelog/2023
545,Stanley Umude,DET,/players/u/umudest01,https://www.basketball-reference.com/players/u/umudest01/gamelog/2023
546,Jonas Valanciunas,NOP,/players/v/valanjo01,https://www.basketball-reference.com/players/v/valanjo01/gamelog/2023
547,Jarred Vanderbilt,TOT,/players/v/vandeja01,https://www.basketball-reference.com/players/v/vandeja01/gamelog/2023
550,Fred VanVleet,TOR,/players/v/vanvlfr01,https://www.basketball-reference.com/players/v/vanvlfr01/gamelog/2023
551,Devin Vassell,SAS,/players/v/vassede01,https://www.basketball-reference.com/players/v/vassede01/gamelog/2023
552,Gabe Vincent,MIA,/players/v/vincega01,https://www.basketball-reference.com/players/v/vincega01/gamelog/2023
553,Noah Vonleh,BOS,/players/v/vonleno01,https://www.basketball-reference.com/players/v/vonleno01/gamelog/2023
554,Nikola Vucevic,CHI,/players/v/vucevni01,https://www.basketball-reference.com/players/v/vucevni01/gamelog/2023
555,Dean Wade,CLE,/players/w/wadede01,https://www.basketball-reference.com/players/w/wadede01/gamelog/2023
556,Franz Wagner,ORL,/players/w/wagnefr01,https://www.basketball-reference.com/players/w/wagnefr01/gamelog/2023
557,Moritz Wagner,ORL,/players/w/wagnemo01,https://www.basketball-reference.com/players/w/wagnemo01/gamelog/2023
558,Ish Wainright,PHO,/players/w/wainris01,https://www.basketball-reference.com/players/w/wainris01/gamelog/2023
559,Jabari Walker,POR,/players/w/walkeja01,https://www.basketball-reference.com/players/w/walkeja01/gamelog/2023
560,Kemba Walker,DAL,/players/w/walkeke02,https://www.basketball-reference.com/players/w/walkeke02/gamelog/2023
561,Lonnie Walker IV,LAL,/players/w/walkelo01,https://www.basketball-reference.com/players/w/walkelo01/gamelog/2023
562,John Wall,LAC,/players/w/walljo01,https://www.basketball-reference.com/players/w/walljo01/gamelog/2023
563,T.J. Warren,TOT,/players/w/warretj01,https://www.basketball-reference.com/players/w/warretj01/gamelog/2023
566,Duane Washington Jr.,PHO,/players/w/washidu02,https://www.basketball-reference.com/players/w/washidu02/gamelog/2023
567,P.J. Washington,CHO,/players/w/washipj01,https://www.basketball-reference.com/players/w/washipj01/gamelog/2023
568,TyTy Washington Jr.,HOU,/players/w/washity02,https://www.basketball-reference.com/players/w/washity02/gamelog/2023
569,Yuta Watanabe,BRK,/players/w/watanyu01,https://www.basketball-reference.com/players/w/watanyu01/gamelog/2023
570,Lindy Waters III,OKC,/players/w/waterli01,https://www.basketball-reference.com/players/w/waterli01/gamelog/2023
571,Trendon Watford,POR,/players/w/watfotr01,https://www.basketball-reference.com/players/w/watfotr01/gamelog/2023
572,Peyton Watson,DEN,/players/w/watsope01,https://www.basketball-reference.com/players/w/watsope01/gamelog/2023
573,Blake Wesley,SAS,/players/w/weslebl01,https://www.basketball-reference.com/players/w/weslebl01/gamelog/2023
574,Russell Westbrook,LAL,/players/w/westbru01,https://www.basketball-reference.com/players/w/westbru01/gamelog/2023
575,Coby White,CHI,/players/w/whiteco01,https://www.basketball-reference.com/players/w/whiteco01/gamelog/2023
576,Derrick White,BOS,/players/w/whitede01,https://www.basketball-reference.com/players/w/whitede01/gamelog/2023
577,Jack White,DEN,/players/w/whiteja03,https://www.basketball-reference.com/players/w/whiteja03/gamelog/2023
578,Joe Wieskamp,TOR,/players/w/wieskjo01,https://www.basketball-reference.com/players/w/wieskjo01/gamelog/2023
579,Aaron Wiggins,OKC,/players/w/wiggiaa01,https://www.basketball-reference.com/players/w/wiggiaa01/gamelog/2023
580,Andrew Wiggins,GSW,/players/w/wiggian01,https://www.basketball-reference.com/players/w/wiggian01/gamelog/2023
581,Alondes Williams,BRK,/players/w/willial06,https://www.basketball-reference.com/players/w/willial06/gamelog/2023
582,Grant Williams,BOS,/players/w/willigr01,https://www.basketball-reference.com/players/w/willigr01/gamelog/2023
583,Jalen Williams,OKC,/players/w/willija06,https://www.basketball-reference.com/players/w/willija06/gamelog/2023
584,Jaylin Williams,OKC,/players/w/willija07,https://www.basketball-reference.com/players/w/willija07/gamelog/2023
585,Kenrich Williams,OKC,/players/w/willike04,https://www.basketball-reference.com/players/w/willike04/gamelog/2023
586,Mark Williams,CHO,/players/w/willima07,https://www.basketball-reference.com/players/w/willima07/gamelog/2023
587,Patrick Williams,CHI,/players/w/willipa01,https://www.basketball-reference.com/players/w/willipa01/gamelog/2023
588,Robert Williams,BOS,/players/w/williro04,https://www.basketball-reference.com/players/w/williro04/gamelog/2023
589,Vince Williams Jr.,MEM,/players/w/willivi01,https://www.basketball-reference.com/players/w/willivi01/gamelog/2023
590,Ziaire Williams,MEM,/players/w/willizi02,https://www.basketball-reference.com/players/w/willizi02/gamelog/2023
591,Zion Williamson,NOP,/players/w/willizi01,https://www.basketball-reference.com/players/w/willizi01/gamelog/2023
592,Justise Winslow,POR,/players/w/winslju01,https://www.basketball-reference.com/players/w/winslju01/gamelog/2023
593,James Wiseman,TOT,/players/w/wisemja01,https://www.basketball-reference.com/players/w/wisemja01/gamelog/2023
596,Christian Wood,DAL,/players/w/woodch01,https://www.basketball-reference.com/players/w/woodch01/gamelog/2023
597,Delon Wright,WAS,/players/w/wrighde01,https://www.basketball-reference.com/players/w/wrighde01/gamelog/2023
598,McKinley Wright IV,DAL,/players/w/wrighmc01,https://www.basketball-reference.com/players/w/wrighmc01/gamelog/2023
599,Thaddeus Young,TOR,/players/y/youngth01,https://www.basketball-reference.com/players/y/youngth01/gamelog/2023
600,Trae Young,ATL,/players/y/youngtr01,https://www.basketball-reference.com/players/y/youngtr01/gamelog/2023
601,Ivica Zubac,LAC,/players/z/zubaciv01,https://www.basketball-reference.com/players/z/zubaciv01/gamelog/2023
